{
    "avg_prec": 0.49784724302590816,
    "roc_auc": 0.9152572585158664
}