{
    "avg_prec": 0.5833692324027626,
    "roc_auc": 0.9491405549209172
}