{
    "avg_prec": 0.5886103346764799,
    "roc_auc": 0.9535144480307898
}