{
    "avg_prec": 0.5599663047019913,
    "roc_auc": 0.9469909838767796
}